Title,Link
"태초의 자태를 품은 10,040송이 '새우란'의 향연 펼쳐진다",https://v.daum.net/v/20240328110004402
"서산태안 조한기 ""반드시 승리"" - 성일종 ""3선 되겠다""",https://v.daum.net/v/20240328112700126
"서울 시내버스 90% 멈췄다…오세훈 ""시민 일상 볼모로 공공성 해하고 있어""",https://v.daum.net/v/20240328104948754
볼티모어 사고 선박 HD현대중공업 건조…책임 논란 나올까?,https://v.daum.net/v/20240328113147347
서울 시내버스 노조 총파업‥경기도·인천시 비상수송대책 가동,https://v.daum.net/v/20240328111611579
"""임원 연봉 낮춰라"" 질타한 주주님 …진땀 흘린 이마트",https://v.daum.net/v/20240328105228944
"[금융안정보고서] ""연말 ELS 잔액 33% 줄어 20조원 예상""",https://v.daum.net/v/20240328110233745
"조국혁신당 당선권 비례후보, 교수시절 '학점 특혜' 논란",https://v.daum.net/v/20240328112748169
"""ECB, 큰 폭 임금인상 있더라도 신속한 금리 인하 가능""",https://v.daum.net/v/20240328112723153
"""올해 영재학교 졸업생 중 의약학계열 62명 진학…전년比 감소""",https://v.daum.net/v/20240328112508041
"서울대 '과학데이터혁신연구소' 출범…""자연과학에 AI 적용""",https://v.daum.net/v/20240328111937737
마이크 들고 유세차 타고…'최다 선거구' 경기 선거전 돌입,https://v.daum.net/v/20240328112204873
"""하루 10억원 이상 적자""… 빅5도 경영난, 병원 문 닫힐라",https://v.daum.net/v/20240328111211343
전성 “검찰독재와 부정부패 척결에 앞장”...장학교차로서 첫 선거운동,https://v.daum.net/v/20240328105228945
"김혜란 ""춘천 자랑스런 맏딸로 키워준 춘천, 은혜 갚겠다""…춘천중앙로터리서 첫 유세",https://v.daum.net/v/20240328102212231
허영 “검찰독재 심판에 앞장서겠다”…유세 첫날 핵심요충지 퇴계동서 출정식,https://v.daum.net/v/20240328102125189
"비 내리는 날 찾아온 12년 만의 서울 시내버스 파업, 협상은 진행 중",https://v.daum.net/v/20240328111800648
8억명 굶주리는데 매일 10억끼 음식이 쓰레기로,https://v.daum.net/v/20240328095311686
마츠다 부장 “유명세 아직도 적응 안돼… 한일 교류 넓히는 영상 찍고파”[일본의 K유튜버],https://v.daum.net/v/20240328110832126
"LH 공공주택 입찰심사 개선… ""신규 사업자 진입 완화""",https://v.daum.net/v/20240328110118627
